Designator,Mid X,Mid Y,Layer,Rotation
C1,150.3310,-106.1500,Top,90
C2,144.8360,-119.8450,Top,180
C3,183.0310,-119.8450,Top,180
C4,150.3310,-113.3400,Top,270
J2,124.9000,-129.2750,Top,90
R1,202.8492,-94.8497,Top,180
R2,192.8427,-94.8450,Top,180
R3,182.8361,-94.8450,Top,180
R4,172.8296,-94.8450,Top,180
R5,162.8231,-94.8450,Top,180
R6,152.8165,-94.8450,Top,180
R7,142.8100,-94.8450,Top,180
R8,132.8035,-94.8450,Top,180
R9,189.5810,-107.8450,Top,0
R10,150.3310,-122.7550,Top,270
R11,162.3310,-122.7550,Top,270
R12,159.3310,-122.7550,Top,270
R13,156.3310,-122.7550,Top,270
R14,153.3310,-122.7550,Top,270
R15,132.3310,-122.7550,Top,270
R16,135.3310,-122.7550,Top,270
R17,182.0410,-122.7550,Top,270
R18,185.0410,-122.7550,Top,270
R19,176.0410,-122.7550,Top,270
R20,179.0410,-122.7550,Top,270
R21,141.3310,-122.7550,Top,270
R22,138.3310,-122.7550,Top,270
R23,147.3310,-122.7550,Top,270
R24,144.3310,-122.7550,Top,270
R25,171.3310,-130.3750,Top,90
R26,168.3310,-130.3750,Top,90
R27,165.3310,-130.3750,Top,90
RV1,194.8300,-121.7300,Top,0
U1,146.1360,-115.5450,Top,180
U2,184.3310,-115.5450,Top,180
U3,172.2210,-99.8450,Top,270
U4,172.2210,-112.0400,Top,270
U5,124.4810,-115.5450,Top,90
