JLCPCB BOM Tool - BOM Matching,,,,,,,,,,,,,,,,,,,,,
BOM name?PhotoDiode-JLCPCB Assembly Order.xlsx,,,,Download Time?2026-10-05 01:59:07,,,,"* Our matching results are updated in real-time, but stock and prices may change. 
If it's been over 24 hours, please re-match before placing your order.",,,,,,,,,,,,,
PCB Assembled Qty?2,,,,"Est. Total Price?9.3674
(Pre-order parts require a quotation for final pricing.)",,,,,,,,,,,,,,,,,
Your BOM,,,,Matched Parts,,,,,,,Order Information,,,,,,,,,,
Designator,Comment,Footprint,JLCPCB Part #,Matches,Part # ,Manufacturer,Footprint,Description,Category,Warning,JLCPCB Part #,Product link,Source,Lib Type,MOQ,Availability,My Parts(JLCPCB Parts),My Parts(Global sourcing & consigned parts),Rec. Order Qty,Unit Price ($),Total Price ($)
J2,Conn_01x02_Pin,Connector_PinHeader_2.54mm:PinHeader_2x01_P2.54mm_Vertical,,Select by System,XY308-2.54-2P,Ningbo Xinlaiya Elec.,Connector_PinHeader_2.54mm:PinHeader_2x01_P2.54mm_Vertical,"1 1 150V 18~26 1x2P 2 2.54mm 2P 6A Green M1.6 Through Hole ??,P=2.54mm Screw Terminal Blocks ROHS",Screw Terminal Blocks,,C557685,https://jlcpcb.com/partdetail/Ningbo_Xinlaiya_Elec-XY308_2_542P/C557685,In-stock,Extended,1,6205,0,0,2,0.2465,0.493
RV1,R_Potentiometer,Potentiometer_THT:Potentiometer_Runtron_RM-065_Vertical,,Select by System,RM065-103(10K),BOCHEN(Chengdu Guosheng Tech),Potentiometer_THT:Potentiometer_Runtron_RM-065_Vertical,"100mW 10k? 50V ±25% ??,7.3x6.4mm Potentiometers, Variable Resistors ROHS","Potentiometers, Variable Resistors",,C5205021,https://jlcpcb.com/partdetail/5896379-RM065_103_10K/C5205021,In-stock,Extended,1,13934,0,0,2,0.0608,0.1216
U4,74LS48,Package_DIP:DIP-16_W7.62mm,,Select by System,SN74LS48N(LX),lingxingic,Package_DIP:DIP-16_W7.62mm,-40?~+125? 13mA 2V~6V 500mW 7 Segment x 1 Digit Lamp test function?Leading zero blanking?Trailing zero blanking DIP-16 Digital Tube Drivers ROHS,Digital Tube Drivers,,C22466304,https://jlcpcb.com/partdetail/lingxingic-SN74LS48N_LX/C22466304,In-stock,Extended,1,10,0,0,2,0.3983,0.7966
"U1,U2",LM339,Package_DIP:DIP-14_W7.62mm,,Select by System,LM339N,HGSEMI,Package_DIP:DIP-14_W7.62mm,-16V~-1.5V?1.5V~16V 0?~+70? 1.3us 25nA 2mV 36V 3V~32V 5nA 800uA Four channels TTL?CMOS DIP-14 Comparators ROHS,Comparators,,C725324,https://jlcpcb.com/partdetail/HGSEMI-LM339N/C725324,In-stock,Extended,1,3702,0,0,4,0.1332,0.5328
"R10,R11,R12,R13,R14,R15,R16",220,Resistor_THT:R_Axial_DIN0207_L6.3mm_D2.5mm_P7.62mm_Horizontal,,Select by System,MFR0W4F2200A50,UNI-ROYAL(Uniroyal Elec),Resistor_THT:R_Axial_DIN0207_L6.3mm_D2.5mm_P7.62mm_Horizontal,"220? 250V 250mW Metal Film Resistor ±1% ±50ppm/? ??,D2.2xL6.5mm Through Hole Resistors ROHS",Through Hole Resistors,,C57439,https://jlcpcb.com/partdetail/58473-MFR0W4F2200A50/C57439,In-stock,Extended,1,13419,0,0,14,0.0121,0.1694
"R1,R2,R3,R4,R5,R6,R7,R8,R17,R18,R19,R20,R21,R22,R23,R24,R25,R26,R27",10k,Resistor_THT:R_Axial_DIN0207_L6.3mm_D2.5mm_P7.62mm_Horizontal,,Select by System,MFR0W4F1002A50,UNI-ROYAL(Uniroyal Elec),Resistor_THT:R_Axial_DIN0207_L6.3mm_D2.5mm_P7.62mm_Horizontal,"10k? 250V 250mW Metal Film Resistor ±1% ±50ppm/? ??,D2.2xL6.5mm Through Hole Resistors ROHS",Through Hole Resistors,,C57436,https://jlcpcb.com/partdetail/58470-MFR0W4F1002A50/C57436,In-stock,Extended,1,150466,0,0,38,0.0141,0.5358
"C1,C2,C3,C4",0.1u,Capacitor_THT:C_Disc_D10.0mm_W2.5mm_P5.00mm,,Select by System,CC1H104MC1FD3F6C10MF,Dersonic,Capacitor_THT:C_Disc_D10.0mm_W2.5mm_P5.00mm,"100nF 2.2mm 5.08mm 50V 6mm Y5V ±20% Plugin,P=5.08mm Through Hole Ceramic Capacitors ROHS",Through Hole Ceramic Capacitors,,C254085,https://jlcpcb.com/partdetail/Dersonic-CC1H104MC1FD3F6C10MF/C254085,In-stock,Extended,1,339833,0,0,8,0.0259,0.2072
U5,D198K,Display_7Segment:7SegmentLED_LTS6760_LTS6780,,Unconfirmed,FJ5161AH,Shenzhen Zhihao Elec,Display_7Segment:7SegmentLED_LTS6760_LTS6780,-40?~+85? 0.56 1 12.6mm 19mm 25mcd 2V 7 Segment 8mm Common Cathode Red ?? LED Segment Displays ROHS,LED Segment Displays,1.The comment (FJ5161AH) of this part does not match the one (D198K) provided in your BOM. Please confirm;,C8093,https://jlcpcb.com/partdetail/Shenzhen_ZhihaoElec-FJ5161AH/C8093,In-stock,Extended,1,10574,0,0,2,0.2171,0.4342
R9,LDR07,OptoDevice:R_LDR_D20mm_P17.5mm_Vertical,,Select by System,GL20528,JCHL(Shenzhen Jing Chuang He Li Tech),OptoDevice:R_LDR_D20mm_P17.5mm_Vertical,"-30?~+70? 0.6 10k?~20k? 2M? 30ms 30ms 500V 560nm ??,P=15.5mm Photoresistors ROHS",Photoresistors,,C779581,https://jlcpcb.com/partdetail/830709-GL20528/C779581,In-stock,Extended,1,8,0,0,2,1.0957,2.1914
U3,74LS148,Package_DIP:DIP-16_W7.62mm,,Select by System,SN74LS148N(LX),lingxingic,Package_DIP:DIP-16_W7.62mm,"-40?~+125? 14ns@6V,50pF 2V~6V 2uA 5.2mA 5.2mA 74LS 8/3 Decoder Single Supply DIP-16 Signal Switches, Multiplexers, Decoders ROHS","Signal Switches, Multiplexers, Decoders",,C22384760,https://jlcpcb.com/partdetail/lingxingic-SN74LS148N_LX/C22384760,In-stock,Extended,1,80,0,0,2,0.3206,0.6412
,,,,,,,,,,,,,,,,,,,,,
,,,,,,,,,,,,,,,,,,,,,
,,,,,,,,,,,,,,,,,,,,,
,,,,,,,,,,,,,,,,,,,,,
,,,,,,,,,,,,,,,,,,,,,
,,,,,,,,,,,,,,,,,,,,,
,,,,,,,,,,,,,,,,,,,,,
