Ref,Val,Package,PosX,PosY,Rot,Side
"0.1µF","0.1u","C_Disc_D10.0mm_W2.5mm_P5.00mm",150.331000,-113.340000,-90.000000,top
"0.1µF","0.1u","C_Disc_D10.0mm_W2.5mm_P5.00mm",150.331000,-106.150000,90.000000,top
"0.1µF","0.1u","C_Disc_D10.0mm_W2.5mm_P5.00mm",144.836000,-119.845000,180.000000,top
"0.1µF","0.1u","C_Disc_D10.0mm_W2.5mm_P5.00mm",183.031000,-119.845000,180.000000,top
"5V","Conn_01x02_Pin","PinHeader_2x01_P2.54mm_Vertical",124.900000,-129.275000,90.000000,top
"7-Segment Display","D198K","7SegmentLED_LTS6760_LTS6780",124.481000,-115.545000,90.000000,top
"74LS48","74LS48","DIP-16_W7.62mm",172.221000,-112.040000,-90.000000,top
"74LS148","74LS148","DIP-16_W7.62mm",172.221000,-99.845000,-90.000000,top
"LDR","LDR07","R_LDR_D20mm_P15.5mm_Vertical",189.581000,-107.845000,0.000000,top
"LM339","LM339","DIP-14_W7.62mm",184.331000,-115.545000,180.000000,top
"LM339","LM339","DIP-14_W7.62mm",146.136000,-115.545000,180.000000,top
"Potentiometer","R_Potentiometer","Potentiometer_Runtron_RM-065_Vertical",194.830000,-121.730000,0.000000,top
"R1","10k","R_Axial_DIN0207_L6.3mm_D2.5mm_P7.62mm_Horizontal",202.849183,-94.849698,180.000000,top
"R2","10k","R_Axial_DIN0207_L6.3mm_D2.5mm_P7.62mm_Horizontal",192.842652,-94.845000,180.000000,top
"R3","10k","R_Axial_DIN0207_L6.3mm_D2.5mm_P7.62mm_Horizontal",182.836122,-94.845000,180.000000,top
"R4","10k","R_Axial_DIN0207_L6.3mm_D2.5mm_P7.62mm_Horizontal",172.829591,-94.845000,180.000000,top
"R5","10k","R_Axial_DIN0207_L6.3mm_D2.5mm_P7.62mm_Horizontal",162.823061,-94.845000,180.000000,top
"R6","10k","R_Axial_DIN0207_L6.3mm_D2.5mm_P7.62mm_Horizontal",152.816530,-94.845000,180.000000,top
"R7","10k","R_Axial_DIN0207_L6.3mm_D2.5mm_P7.62mm_Horizontal",142.810000,-94.845000,180.000000,top
"R8","10k","R_Axial_DIN0207_L6.3mm_D2.5mm_P7.62mm_Horizontal",132.803469,-94.845000,180.000000,top
"R10","220","R_Axial_DIN0207_L6.3mm_D2.5mm_P7.62mm_Horizontal",150.331000,-122.755000,-90.000000,top
"R11","220","R_Axial_DIN0207_L6.3mm_D2.5mm_P7.62mm_Horizontal",162.331000,-122.755000,-90.000000,top
"R12","220","R_Axial_DIN0207_L6.3mm_D2.5mm_P7.62mm_Horizontal",159.331000,-122.755000,-90.000000,top
"R13","220","R_Axial_DIN0207_L6.3mm_D2.5mm_P7.62mm_Horizontal",156.331000,-122.755000,-90.000000,top
"R14","220","R_Axial_DIN0207_L6.3mm_D2.5mm_P7.62mm_Horizontal",153.331000,-122.755000,-90.000000,top
"R15","220","R_Axial_DIN0207_L6.3mm_D2.5mm_P7.62mm_Horizontal",132.331000,-122.755000,-90.000000,top
"R16","220","R_Axial_DIN0207_L6.3mm_D2.5mm_P7.62mm_Horizontal",135.331000,-122.755000,-90.000000,top
"R17","10k","R_Axial_DIN0207_L6.3mm_D2.5mm_P7.62mm_Horizontal",182.041000,-122.755000,-90.000000,top
"R18","10k","R_Axial_DIN0207_L6.3mm_D2.5mm_P7.62mm_Horizontal",185.041000,-122.755000,-90.000000,top
"R19","10k","R_Axial_DIN0207_L6.3mm_D2.5mm_P7.62mm_Horizontal",176.041000,-122.755000,-90.000000,top
"R20","10k","R_Axial_DIN0207_L6.3mm_D2.5mm_P7.62mm_Horizontal",179.041000,-122.755000,-90.000000,top
"R21","10k","R_Axial_DIN0207_L6.3mm_D2.5mm_P7.62mm_Horizontal",141.331000,-122.755000,-90.000000,top
"R22","10k","R_Axial_DIN0207_L6.3mm_D2.5mm_P7.62mm_Horizontal",138.331000,-122.755000,-90.000000,top
"R23","10k","R_Axial_DIN0207_L6.3mm_D2.5mm_P7.62mm_Horizontal",147.331000,-122.755000,-90.000000,top
"R24","10k","R_Axial_DIN0207_L6.3mm_D2.5mm_P7.62mm_Horizontal",144.331000,-122.755000,-90.000000,top
"R25","10k","R_Axial_DIN0207_L6.3mm_D2.5mm_P7.62mm_Horizontal",171.331000,-130.375000,90.000000,top
"R26","10k","R_Axial_DIN0207_L6.3mm_D2.5mm_P7.62mm_Horizontal",168.331000,-130.375000,90.000000,top
"R27","10k","R_Axial_DIN0207_L6.3mm_D2.5mm_P7.62mm_Horizontal",165.331000,-130.375000,90.000000,top
